Pointindex,X,Y,Z,Readvalue
0,64.20 ,140.00 ,3.10 ,220.76207931518556
1,66.20 ,140.00 ,4.10 ,206.76242406845094
2,68.20 ,140.00 ,5.00 ,192.36568618774413
3,70.20 ,140.00 ,5.90 ,189.75325912475586
4,72.20 ,140.00 ,6.70 ,157.53562370300293
5,74.20 ,140.00 ,7.50 ,167.85102478027343
6,76.20 ,140.00 ,8.30 ,158.150636138916
7,78.20 ,140.00 ,9.00 ,145.29914890289308
8,80.20 ,140.00 ,9.60 ,211.01680404663085
9,82.20 ,140.00 ,10.20 ,221.61219345092775
