Pointindex,X,Y,Z,Readvalue
0,64.20 ,146.00 ,4.50 ,162.73879974722863
1,64.20 ,141.00 ,4.70 ,211.7174166870117
2,64.20 ,136.00 ,4.60 ,158.61101333618163
3,64.20 ,131.00 ,4.30 ,196.8752183532715
4,64.20 ,126.00 ,3.60 ,156.85381454467773
5,64.20 ,141.00 ,4.70 ,184.8719631958008
6,66.70 ,141.00 ,5.90 ,150.0573210144043
7,69.20 ,141.00 ,7.20 ,167.14068687438964
8,71.70 ,141.00 ,8.10 ,145.33680770874022
9,74.20 ,141.00 ,9.20 ,184.38460507392884
